수집일,수집시각,사이트,카테고리,순위,브랜드,상품명,가격,링크,이미지
2026-09-03,2026-09-03 09:49,올리브영,건강식품,1,고려은단,고려은단 비타민C1000 600정 (20개월분),42900,https://www.oliveyoung.co.kr/store/goods/getGoodsDetail.do?goodsNo=A000000225938&dispCatNo=90000010009&trackingCd=Best_Sellingbest&t_page=랭킹&t_click=판매랭킹_건강식품_상품상세&t_number=1,https://image.oliveyoung.co.kr/cfimages/cf-goods/uploads/images/thumbnails/400/10/0000/0022/A00000022593803ko.jpg?l=ko
2026-09-03,2026-09-03 09:49,올리브영,건강식품,2,대원제약,[수면 효율증가]대원제약 대원헬스 꿀잠샷 20gX12포 (+2포+수면안대) (14일분),17770,https://www.oliveyoung.co.kr/store/goods/getGoodsDetail.do?goodsNo=A000000247884&dispCatNo=90000010009&trackingCd=Best_Sellingbest&t_page=랭킹&t_click=판매랭킹_건강식품_상품상세&t_number=2,https://image.oliveyoung.co.kr/cfimages/cf-goods/uploads/images/thumbnails/400/10/0000/0024/A00000024788480ko.jpg?l=ko
2026-09-03,2026-09-03 09:49,올리브영,건강식품,3,판도라,판도라 브이트리티 7/14+1포 (7/15일분),24460,https://www.oliveyoung.co.kr/store/goods/getGoodsDetail.do?goodsNo=A000000227334&dispCatNo=90000010009&trackingCd=Best_Sellingbest&t_page=랭킹&t_click=판매랭킹_건강식품_상품상세&t_number=3,https://image.oliveyoung.co.kr/cfimages/cf-goods/uploads/images/thumbnails/400/10/0000/0022/A00000022733450ko.png?l=ko
2026-09-03,2026-09-03 09:49,올리브영,건강식품,4,지노마스터,지노마스터 질유산균 30캡슐 기획 (+보라지유 5일분) (1개월분),27400,https://www.oliveyoung.co.kr/store/goods/getGoodsDetail.do?goodsNo=A000000244929&dispCatNo=90000010009&trackingCd=Best_Sellingbest&t_page=랭킹&t_click=판매랭킹_건강식품_상품상세&t_number=4,https://image.oliveyoung.co.kr/cfimages/cf-goods/uploads/images/thumbnails/400/10/0000/0024/A00000024492930ko.jpg?l=ko
2026-09-03,2026-09-03 09:49,올리브영,건강식품,5,알디콤,"[1+1]알디콤 숙취해소제 4포입 3종 (플러스, 에이, 브이)",13320,https://www.oliveyoung.co.kr/store/goods/getGoodsDetail.do?goodsNo=A000000245840&dispCatNo=90000010009&trackingCd=Best_Sellingbest&t_page=랭킹&t_click=판매랭킹_건강식품_상품상세&t_number=5,https://image.oliveyoung.co.kr/cfimages/cf-goods/uploads/images/thumbnails/400/10/0000/0024/A00000024584019ko.png?l=ko
2026-09-03,2026-09-03 09:49,올리브영,건강식품,6,글로우뮤즈,[피부건강] 글로우뮤즈 스킨 밸런스 파우더 레몬맛 14포 (14일분),27510,https://www.oliveyoung.co.kr/store/goods/getGoodsDetail.do?goodsNo=A000000246272&dispCatNo=90000010009&trackingCd=Best_Sellingbest&t_page=랭킹&t_click=판매랭킹_건강식품_상품상세&t_number=6,https://image.oliveyoung.co.kr/cfimages/cf-goods/uploads/images/thumbnails/400/10/0000/0024/A00000024627201ko.jpg?l=ko
2026-09-03,2026-09-03 09:49,올리브영,건강식품,7,CJ이너비,[9월 올영픽/산리오콜라보] CJ 이너비 브이 캔디 14포 (+마이멜로디 마그넷액자),9900,https://www.oliveyoung.co.kr/store/goods/getGoodsDetail.do?goodsNo=A000000264048&dispCatNo=90000010009&trackingCd=Best_Sellingbest&t_page=랭킹&t_click=판매랭킹_건강식품_상품상세&t_number=7,https://image.oliveyoung.co.kr/cfimages/cf-goods/uploads/images/thumbnails/400/10/0000/0026/A00000026404809ko.jpg?l=ko
2026-09-03,2026-09-03 09:49,올리브영,건강식품,8,빌드,빌드 프리미엄 테프 효소 유산균 30포 (1개월분),19950,https://www.oliveyoung.co.kr/store/goods/getGoodsDetail.do?goodsNo=A000000235606&dispCatNo=90000010009&trackingCd=Best_Sellingbest&t_page=랭킹&t_click=판매랭킹_건강식품_상품상세&t_number=8,https://image.oliveyoung.co.kr/cfimages/cf-goods/uploads/images/thumbnails/400/10/0000/0023/A00000023560605ko.jpg?l=ko
2026-09-03,2026-09-03 09:49,올리브영,건강식품,9,락토핏,[스테디셀러 특가] 락토핏 골드 트리플 기획 (3개월분),17900,https://www.oliveyoung.co.kr/store/goods/getGoodsDetail.do?goodsNo=A000000199062&dispCatNo=90000010009&trackingCd=Best_Sellingbest&t_page=랭킹&t_click=판매랭킹_건강식품_상품상세&t_number=9,https://image.oliveyoung.co.kr/cfimages/cf-goods/uploads/images/thumbnails/400/10/0000/0019/A00000019906245ko.jpg?l=ko
2026-09-03,2026-09-03 09:49,올리브영,건강식품,10,멜라메이트,[스테디셀러 특가][감자숭이 기획] 멜라메이트 구미/로우슈가/버라이어티팩 구미 20/40/50구미,14900,https://www.oliveyoung.co.kr/store/goods/getGoodsDetail.do?goodsNo=A000000223554&dispCatNo=90000010009&trackingCd=Best_Sellingbest&t_page=랭킹&t_click=판매랭킹_건강식품_상품상세&t_number=10,https://image.oliveyoung.co.kr/cfimages/cf-goods/uploads/images/thumbnails/400/10/0000/0022/A00000022355476ko.jpg?l=ko
