수집일,수집시각,사이트,카테고리,순위,브랜드,상품명,가격,광고여부,링크,이미지
2026-08-14,2026-08-14 12:18,카카오선물하기,건강식품·영양제,1,오쏘몰,독일 명품 비타민 오쏘몰 이뮨 멀티비타민&미네랄 7입 - 단독 기프트박스 증정 (공식수입),34000,N,https://gift.kakao.com/product/2301047,https://img1.kakaocdn.net/thumb/C175x175@2x.fwebp.q82/?fname=https%3A%2F%2Fst.kakaocdn.net%2Fproduct%2Fgift%2Fproduct%2F20260730085615_4b56c128b0dd4f359841aedea29c71a4.jpg
2026-08-14,2026-08-14 12:18,카카오선물하기,건강식품·영양제,2,정관장,면역력 선물 [정관장] 에브리타임 레귤러 (10ml x 30포) _ 대한민국 명품 홍삼정농축액 함유,67000,N,https://gift.kakao.com/product/556025,https://img1.kakaocdn.net/thumb/C175x175@2x.fwebp.q82/?fname=https%3A%2F%2Fst.kakaocdn.net%2Fproduct%2Fgift%2Fproduct%2F20260515114737_72d5f06336df4f1bb0ac76742d341ed7.jpg
2026-08-14,2026-08-14 12:18,카카오선물하기,건강식품·영양제,3,옵티젠,한국인 맞춤 비타민 옵티젠 이뮨 멀티비타민&미네랄 10입 / 1박스 (+GIFT 쇼핑백),26900,N,https://gift.kakao.com/product/7608679,https://img1.kakaocdn.net/thumb/C175x175@2x.fwebp.q82/?fname=https%3A%2F%2Fst.kakaocdn.net%2Fproduct%2Fgift%2Fproduct%2F20260703114353_3ee4124918ae4776af8a6954e0a43f76.jpg
2026-08-14,2026-08-14 12:18,카카오선물하기,건강식품·영양제,4,오쏘몰,독일 명품 비타민 오쏘몰 이뮨 멀티비타민&미네랄 30입 - 시그니처 기프트 에디션 (공식수입),100000,N,https://gift.kakao.com/product/2484405,https://img1.kakaocdn.net/thumb/C175x175@2x.fwebp.q82/?fname=https%3A%2F%2Fst.kakaocdn.net%2Fproduct%2Fgift%2Fproduct%2F20260718112704_e8942030fa4b4fee80048cf5f99aba09.jpg
2026-08-14,2026-08-14 12:18,카카오선물하기,건강식품·영양제,5,정관장,에너지선물 [정관장] 활기력 에너지박스 (20ml x 20병),39900,N,https://gift.kakao.com/product/7066484,https://img1.kakaocdn.net/thumb/C175x175@2x.fwebp.q82/?fname=https%3A%2F%2Fst.kakaocdn.net%2Fproduct%2Fgift%2Fproduct%2F20251229091939_791c223811644c668143bf9605284b3f.jpg
2026-08-14,2026-08-14 12:18,카카오선물하기,건강식품·영양제,6,그레인온,[그레인온] 골드 카무트 브랜드밀 효소 3개월(+선물포장)+9포추가+고단백질바 증정,43900,N,https://gift.kakao.com/product/13180343,https://img1.kakaocdn.net/thumb/C175x175@2x.fwebp.q82/?fname=https%3A%2F%2Fst.kakaocdn.net%2Fproduct%2Fgift%2Fproduct%2F20260813194905_07fda1bd45724fc480c4627516c0e5ff.jpg
2026-08-14,2026-08-14 12:18,카카오선물하기,건강식품·영양제,7,정관장,"[정관장] 활기력부스터 박스 (400mg x 20정 + 20ml x 20병,이중복합제형)",55000,N,https://gift.kakao.com/product/6371333,https://img1.kakaocdn.net/thumb/C175x175@2x.fwebp.q82/?fname=https%3A%2F%2Fst.kakaocdn.net%2Fproduct%2Fgift%2Fproduct%2F20260604162347_d9a2dc348f2b4310b0ddb7f5aa38290a.jpg
2026-08-14,2026-08-14 12:18,카카오선물하기,건강식품·영양제,8,오쏘몰,독일 명품 비타민 오쏘몰 이뮨 멀티비타민&미네랄 10입 - 슬리브 기프트 에디션 (공식수입),43900,N,https://gift.kakao.com/product/11866425,https://img1.kakaocdn.net/thumb/C175x175@2x.fwebp.q82/?fname=https%3A%2F%2Fst.kakaocdn.net%2Fproduct%2Fgift%2Fproduct%2F20260715133556_5b220cca6be34a0aa6491af5bca27f47.jpg
2026-08-14,2026-08-14 12:18,카카오선물하기,건강식품·영양제,9,센트룸,[센트룸] 맛있는 멀티비타민 미네랄 멀티구미 (80구미),24000,N,https://gift.kakao.com/product/7320451,https://img1.kakaocdn.net/thumb/C175x175@2x.fwebp.q82/?fname=https%3A%2F%2Fst.kakaocdn.net%2Fproduct%2Fgift%2Fproduct%2F20260727143734_a39f5d922bc441539a9749fd1faf6574.jpg
2026-08-14,2026-08-14 12:18,카카오선물하기,건강식품·영양제,10,뉴트리포유,명품 비타민 뉴트리포유 듀얼+ 이뮨 종합 멀티비타민&미네랄 7입+2입 증정 - 선물하기 단독 에디션,19900,N,https://gift.kakao.com/product/10056171,https://img1.kakaocdn.net/thumb/C175x175@2x.fwebp.q82/?fname=https%3A%2F%2Fst.kakaocdn.net%2Fproduct%2Fgift%2Fproduct%2F20260219100848_1c2cc8073bd44eaab9f09d6b8fb8f34c.jpg
2026-08-14,2026-08-14 12:18,카카오선물하기,건강식품·영양제,11,정관장,에너지선물 [정관장] 활기력 맥스 에너지박스 (20ml x 16병),38500,N,https://gift.kakao.com/product/2941722,https://img1.kakaocdn.net/thumb/C175x175@2x.fwebp.q82/?fname=https%3A%2F%2Fst.kakaocdn.net%2Fproduct%2Fgift%2Fproduct%2F20260625113454_3363c26cec4a4e0abe0ab19e3b2dfcb5.jpg
2026-08-14,2026-08-14 12:18,카카오선물하기,건강식품·영양제,12,GNM자연의품격,"""본품2병증정"" GNM 올인원 이뮨 액상 종합비타민 2박스 (총 14+2병) / 멀티비타민 이뮨비타민 이뮨샷 비타민",32900,N,https://gift.kakao.com/product/5443650,https://img1.kakaocdn.net/thumb/C175x175@2x.fwebp.q82/?fname=https%3A%2F%2Fst.kakaocdn.net%2Fproduct%2Fgift%2Fproduct%2F20260810085600_deee91f669f6466b873aaa62a1da5fda.jpg
2026-08-14,2026-08-14 12:18,카카오선물하기,건강식품·영양제,13,정관장,신상비타민선물 [정관장] 활기마이트(액상30ml+분말500mg) 7입 + [증정] 1입,39000,N,https://gift.kakao.com/product/12159594,https://img1.kakaocdn.net/thumb/C175x175@2x.fwebp.q82/?fname=https%3A%2F%2Fst.kakaocdn.net%2Fproduct%2Fgift%2Fproduct%2F20260812135521_25667cc1efc34a698d1813fe75189344.jpg
2026-08-14,2026-08-14 12:18,카카오선물하기,건강식품·영양제,14,오쏘몰,성별 맞춤 설계 오쏘몰 바이탈 m/f 남성/여성 선택가능 14입 - 시그니처 기프트 에디션 (공식수입),59800,N,https://gift.kakao.com/product/8167919,https://img1.kakaocdn.net/thumb/C175x175@2x.fwebp.q82/?fname=https%3A%2F%2Fst.kakaocdn.net%2Fproduct%2Fgift%2Fproduct%2F20260720085358_f71eba17fe274d1586a7ac1b6ebd74fb.jpg
2026-08-14,2026-08-14 12:18,카카오선물하기,건강식품·영양제,15,고려은단,고려은단 메가도스 이뮨샷 최고심 에디션 (20개입) / 멀티비타민 아미노산 아르기닌,37900,N,https://gift.kakao.com/product/7044096,https://img1.kakaocdn.net/thumb/C175x175@2x.fwebp.q82/?fname=https%3A%2F%2Fst.kakaocdn.net%2Fproduct%2Fgift%2Fproduct%2F20260709085224_59227665a4bb4d349b83448531409635.jpg
2026-08-14,2026-08-14 12:18,카카오선물하기,건강식품·영양제,16,정관장,[정관장] 활기력 (20ml x 10병),29000,N,https://gift.kakao.com/product/999713,https://img1.kakaocdn.net/thumb/C175x175@2x.fwebp.q82/?fname=https%3A%2F%2Fst.kakaocdn.net%2Fproduct%2Fgift%2Fproduct%2F20250707082607_8bbbfe2e4a3641e3996324de4c0e3909.jpeg
2026-08-14,2026-08-14 12:18,카카오선물하기,건강식품·영양제,17,종근당,올인원 명품비타민 이뮨 멀티비타민 미네랄 7입+비타민젤리 마시는 액상 종합 비타민 수험생 직장인 부모님 건강 선물,23800,N,https://gift.kakao.com/product/7948462,https://img1.kakaocdn.net/thumb/C175x175@2x.fwebp.q82/?fname=https%3A%2F%2Fst.kakaocdn.net%2Fproduct%2Fgift%2Fproduct%2F20260608154459_5d4d30743683423e989723c0d54270e1.jpg
2026-08-14,2026-08-14 12:18,카카오선물하기,건강식품·영양제,18,옵티젠,한국인 맞춤 비타민 옵티젠 이뮨 멀티비타민&미네랄 30입 / 1박스,59900,N,https://gift.kakao.com/product/11090567,https://img1.kakaocdn.net/thumb/C175x175@2x.fwebp.q82/?fname=https%3A%2F%2Fst.kakaocdn.net%2Fproduct%2Fgift%2Fproduct%2F20260703113258_219f277f4a66466ea414f5539beed475.jpg
2026-08-14,2026-08-14 12:18,카카오선물하기,건강식품·영양제,19,고려은단,리뷰이벤트 NEW 고려은단 멀티비타민 올인원 종합비타민 60정 (4종 택1),20900,N,https://gift.kakao.com/product/11731899,https://img1.kakaocdn.net/thumb/C175x175@2x.fwebp.q82/?fname=https%3A%2F%2Fst.kakaocdn.net%2Fproduct%2Fgift%2Fproduct%2F20260708095524_7e04c46cc2524ed68b5b7532c95e6bfc.jpg
2026-08-14,2026-08-14 12:18,카카오선물하기,건강식품·영양제,20,종근당,직장인 30일 습관 이뮨듀오 올인원 비타민 멀티팩/포우먼 1박스 밀크씨슬+테아닌+멀티비타민 미네랄 간 건강 피로개선 피로회복+쇼핑백,39500,N,https://gift.kakao.com/product/12052068,https://img1.kakaocdn.net/thumb/C175x175@2x.fwebp.q82/?fname=https%3A%2F%2Fst.kakaocdn.net%2Fproduct%2Fgift%2Fproduct%2F20260608154534_cf52cd1da9ad40efb6fbb0387d009639.jpg
